PRAGMA foreign_keys=OFF;
BEGIN TRANSACTION;
CREATE TABLE IF NOT EXISTS "django_migrations" ("id" integer NOT NULL PRIMARY KEY AUTOINCREMENT, "app" varchar(255) NOT NULL, "name" varchar(255) NOT NULL, "applied" datetime NOT NULL);
INSERT INTO django_migrations VALUES(1,'contenttypes','0001_initial','2023-10-04 14:58:15.770114');
INSERT INTO django_migrations VALUES(2,'auth','0001_initial','2023-10-04 14:58:15.789447');
INSERT INTO django_migrations VALUES(3,'admin','0001_initial','2023-10-04 14:58:15.799961');
INSERT INTO django_migrations VALUES(4,'admin','0002_logentry_remove_auto_add','2023-10-04 14:58:15.815478');
INSERT INTO django_migrations VALUES(5,'admin','0003_logentry_add_action_flag_choices','2023-10-04 14:58:15.825873');
INSERT INTO django_migrations VALUES(6,'contenttypes','0002_remove_content_type_name','2023-10-04 14:58:15.843300');
INSERT INTO django_migrations VALUES(7,'auth','0002_alter_permission_name_max_length','2023-10-04 14:58:15.852714');
INSERT INTO django_migrations VALUES(8,'auth','0003_alter_user_email_max_length','2023-10-04 14:58:15.862052');
INSERT INTO django_migrations VALUES(9,'auth','0004_alter_user_username_opts','2023-10-04 14:58:15.869112');
INSERT INTO django_migrations VALUES(10,'auth','0005_alter_user_last_login_null','2023-10-04 14:58:15.879437');
INSERT INTO django_migrations VALUES(11,'auth','0006_require_contenttypes_0002','2023-10-04 14:58:15.880793');
INSERT INTO django_migrations VALUES(12,'auth','0007_alter_validators_add_error_messages','2023-10-04 14:58:15.887367');
INSERT INTO django_migrations VALUES(13,'auth','0008_alter_user_username_max_length','2023-10-04 14:58:15.897595');
INSERT INTO django_migrations VALUES(14,'auth','0009_alter_user_last_name_max_length','2023-10-04 14:58:15.906429');
INSERT INTO django_migrations VALUES(15,'auth','0010_alter_group_name_max_length','2023-10-04 14:58:15.914383');
INSERT INTO django_migrations VALUES(16,'auth','0011_update_proxy_permissions','2023-10-04 14:58:15.920770');
INSERT INTO django_migrations VALUES(17,'auth','0012_alter_user_first_name_max_length','2023-10-04 14:58:15.929706');
INSERT INTO django_migrations VALUES(18,'projects','0001_initial','2023-10-04 14:58:15.954847');
INSERT INTO django_migrations VALUES(19,'documents','0001_initial','2023-10-04 14:58:15.996567');
INSERT INTO django_migrations VALUES(20,'sessions','0001_initial','2023-10-04 14:58:16.000565');
INSERT INTO django_migrations VALUES(21,'webseite','0001_initial','2023-10-04 14:58:16.014073');
INSERT INTO django_migrations VALUES(22,'documents','0002_documents_user','2023-10-05 17:30:56.132790');
INSERT INTO django_migrations VALUES(23,'documents','0003_alter_documents_tags','2023-10-06 14:36:20.978671');
CREATE TABLE IF NOT EXISTS "auth_group_permissions" ("id" integer NOT NULL PRIMARY KEY AUTOINCREMENT, "group_id" integer NOT NULL REFERENCES "auth_group" ("id") DEFERRABLE INITIALLY DEFERRED, "permission_id" integer NOT NULL REFERENCES "auth_permission" ("id") DEFERRABLE INITIALLY DEFERRED);
CREATE TABLE IF NOT EXISTS "auth_user_groups" ("id" integer NOT NULL PRIMARY KEY AUTOINCREMENT, "user_id" integer NOT NULL REFERENCES "auth_user" ("id") DEFERRABLE INITIALLY DEFERRED, "group_id" integer NOT NULL REFERENCES "auth_group" ("id") DEFERRABLE INITIALLY DEFERRED);
CREATE TABLE IF NOT EXISTS "auth_user_user_permissions" ("id" integer NOT NULL PRIMARY KEY AUTOINCREMENT, "user_id" integer NOT NULL REFERENCES "auth_user" ("id") DEFERRABLE INITIALLY DEFERRED, "permission_id" integer NOT NULL REFERENCES "auth_permission" ("id") DEFERRABLE INITIALLY DEFERRED);
CREATE TABLE IF NOT EXISTS "django_admin_log" ("id" integer NOT NULL PRIMARY KEY AUTOINCREMENT, "action_time" datetime NOT NULL, "object_id" text NULL, "object_repr" varchar(200) NOT NULL, "change_message" text NOT NULL, "content_type_id" integer NULL REFERENCES "django_content_type" ("id") DEFERRABLE INITIALLY DEFERRED, "user_id" integer NOT NULL REFERENCES "auth_user" ("id") DEFERRABLE INITIALLY DEFERRED, "action_flag" smallint unsigned NOT NULL CHECK ("action_flag" >= 0));
INSERT INTO django_admin_log VALUES(17,'2023-10-06 19:28:39.635527','1','Ben','',4,3,3);
INSERT INTO django_admin_log VALUES(18,'2023-10-06 19:28:46.197188','2','Seyma','',4,3,3);
INSERT INTO django_admin_log VALUES(19,'2023-10-06 19:28:59.321239','3','Seyma','[{"changed": {"fields": ["Username"]}}]',4,3,2);
INSERT INTO django_admin_log VALUES(20,'2023-10-06 19:29:16.295248','4','Tom','[{"added": {}}]',4,3,1);
INSERT INTO django_admin_log VALUES(21,'2023-10-06 19:29:43.327872','5','Tim','[{"added": {}}]',4,3,1);
INSERT INTO django_admin_log VALUES(22,'2023-10-06 19:32:25.667913','5','Tim','[{"changed": {"fields": ["Staff status"]}}]',4,3,2);
INSERT INTO django_admin_log VALUES(23,'2023-10-06 19:32:31.084216','4','Tom','[{"changed": {"fields": ["Staff status"]}}]',4,3,2);
INSERT INTO django_admin_log VALUES(24,'2023-10-06 19:32:49.148380','6','Sara','[{"added": {}}]',4,3,1);
INSERT INTO django_admin_log VALUES(25,'2023-10-06 19:33:07.573149','3','Rechnung','[{"added": {}}]',12,3,1);
INSERT INTO django_admin_log VALUES(26,'2023-10-06 19:33:13.265405','4','Bilder','[{"added": {}}]',12,3,1);
INSERT INTO django_admin_log VALUES(27,'2023-10-06 19:33:24.200476','5','Andere Datei','[{"added": {}}]',12,3,1);
INSERT INTO django_admin_log VALUES(28,'2023-10-07 00:05:14.464308','6','Sara','[{"changed": {"fields": ["Staff status"]}}]',4,3,2);
CREATE TABLE IF NOT EXISTS "django_content_type" ("id" integer NOT NULL PRIMARY KEY AUTOINCREMENT, "app_label" varchar(100) NOT NULL, "model" varchar(100) NOT NULL);
INSERT INTO django_content_type VALUES(1,'admin','logentry');
INSERT INTO django_content_type VALUES(2,'auth','permission');
INSERT INTO django_content_type VALUES(3,'auth','group');
INSERT INTO django_content_type VALUES(4,'auth','user');
INSERT INTO django_content_type VALUES(5,'contenttypes','contenttype');
INSERT INTO django_content_type VALUES(6,'sessions','session');
INSERT INTO django_content_type VALUES(7,'webseite','userprofile');
INSERT INTO django_content_type VALUES(8,'projects','project');
INSERT INTO django_content_type VALUES(9,'projects','projektwatch');
INSERT INTO django_content_type VALUES(10,'projects','comment');
INSERT INTO django_content_type VALUES(11,'documents','documents');
INSERT INTO django_content_type VALUES(12,'documents','tags');
INSERT INTO django_content_type VALUES(13,'documents','documentwatch');
CREATE TABLE IF NOT EXISTS "auth_permission" ("id" integer NOT NULL PRIMARY KEY AUTOINCREMENT, "content_type_id" integer NOT NULL REFERENCES "django_content_type" ("id") DEFERRABLE INITIALLY DEFERRED, "codename" varchar(100) NOT NULL, "name" varchar(255) NOT NULL);
INSERT INTO auth_permission VALUES(1,1,'add_logentry','Can add log entry');
INSERT INTO auth_permission VALUES(2,1,'change_logentry','Can change log entry');
INSERT INTO auth_permission VALUES(3,1,'delete_logentry','Can delete log entry');
INSERT INTO auth_permission VALUES(4,1,'view_logentry','Can view log entry');
INSERT INTO auth_permission VALUES(5,2,'add_permission','Can add permission');
INSERT INTO auth_permission VALUES(6,2,'change_permission','Can change permission');
INSERT INTO auth_permission VALUES(7,2,'delete_permission','Can delete permission');
INSERT INTO auth_permission VALUES(8,2,'view_permission','Can view permission');
INSERT INTO auth_permission VALUES(9,3,'add_group','Can add group');
INSERT INTO auth_permission VALUES(10,3,'change_group','Can change group');
INSERT INTO auth_permission VALUES(11,3,'delete_group','Can delete group');
INSERT INTO auth_permission VALUES(12,3,'view_group','Can view group');
INSERT INTO auth_permission VALUES(13,4,'add_user','Can add user');
INSERT INTO auth_permission VALUES(14,4,'change_user','Can change user');
INSERT INTO auth_permission VALUES(15,4,'delete_user','Can delete user');
INSERT INTO auth_permission VALUES(16,4,'view_user','Can view user');
INSERT INTO auth_permission VALUES(17,5,'add_contenttype','Can add content type');
INSERT INTO auth_permission VALUES(18,5,'change_contenttype','Can change content type');
INSERT INTO auth_permission VALUES(19,5,'delete_contenttype','Can delete content type');
INSERT INTO auth_permission VALUES(20,5,'view_contenttype','Can view content type');
INSERT INTO auth_permission VALUES(21,6,'add_session','Can add session');
INSERT INTO auth_permission VALUES(22,6,'change_session','Can change session');
INSERT INTO auth_permission VALUES(23,6,'delete_session','Can delete session');
INSERT INTO auth_permission VALUES(24,6,'view_session','Can view session');
INSERT INTO auth_permission VALUES(25,7,'add_userprofile','Can add user profile');
INSERT INTO auth_permission VALUES(26,7,'change_userprofile','Can change user profile');
INSERT INTO auth_permission VALUES(27,7,'delete_userprofile','Can delete user profile');
INSERT INTO auth_permission VALUES(28,7,'view_userprofile','Can view user profile');
INSERT INTO auth_permission VALUES(29,8,'add_project','Can add project');
INSERT INTO auth_permission VALUES(30,8,'change_project','Can change project');
INSERT INTO auth_permission VALUES(31,8,'delete_project','Can delete project');
INSERT INTO auth_permission VALUES(32,8,'view_project','Can view project');
INSERT INTO auth_permission VALUES(33,9,'add_projektwatch','Can add projekt watch');
INSERT INTO auth_permission VALUES(34,9,'change_projektwatch','Can change projekt watch');
INSERT INTO auth_permission VALUES(35,9,'delete_projektwatch','Can delete projekt watch');
INSERT INTO auth_permission VALUES(36,9,'view_projektwatch','Can view projekt watch');
INSERT INTO auth_permission VALUES(37,10,'add_comment','Can add comment');
INSERT INTO auth_permission VALUES(38,10,'change_comment','Can change comment');
INSERT INTO auth_permission VALUES(39,10,'delete_comment','Can delete comment');
INSERT INTO auth_permission VALUES(40,10,'view_comment','Can view comment');
INSERT INTO auth_permission VALUES(41,11,'add_documents','Can add documents');
INSERT INTO auth_permission VALUES(42,11,'change_documents','Can change documents');
INSERT INTO auth_permission VALUES(43,11,'delete_documents','Can delete documents');
INSERT INTO auth_permission VALUES(44,11,'view_documents','Can view documents');
INSERT INTO auth_permission VALUES(45,12,'add_tags','Can add tags');
INSERT INTO auth_permission VALUES(46,12,'change_tags','Can change tags');
INSERT INTO auth_permission VALUES(47,12,'delete_tags','Can delete tags');
INSERT INTO auth_permission VALUES(48,12,'view_tags','Can view tags');
INSERT INTO auth_permission VALUES(49,13,'add_documentwatch','Can add document watch');
INSERT INTO auth_permission VALUES(50,13,'change_documentwatch','Can change document watch');
INSERT INTO auth_permission VALUES(51,13,'delete_documentwatch','Can delete document watch');
INSERT INTO auth_permission VALUES(52,13,'view_documentwatch','Can view document watch');
CREATE TABLE IF NOT EXISTS "auth_group" ("id" integer NOT NULL PRIMARY KEY AUTOINCREMENT, "name" varchar(150) NOT NULL UNIQUE);
CREATE TABLE IF NOT EXISTS "auth_user" ("id" integer NOT NULL PRIMARY KEY AUTOINCREMENT, "password" varchar(128) NOT NULL, "last_login" datetime NULL, "is_superuser" bool NOT NULL, "username" varchar(150) NOT NULL UNIQUE, "last_name" varchar(150) NOT NULL, "email" varchar(254) NOT NULL, "is_staff" bool NOT NULL, "is_active" bool NOT NULL, "date_joined" datetime NOT NULL, "first_name" varchar(150) NOT NULL);
INSERT INTO auth_user VALUES(3,'pbkdf2_sha256$600000$B6Yx8aCE1NlPtPhkcY95yb$7bYhFBQ327nooxXgEOQizqKVmsN17IDZlqzBFxLphEY=','2023-11-05 17:19:39.852441',1,'Seyma','','seyma@web.de',1,1,'2023-10-06 19:02:55','');
INSERT INTO auth_user VALUES(4,'pbkdf2_sha256$260000$oW4iXys429GvOG8cEawMg9$Mj9ef3LxqYRqrADua0CBzE3DEAn35n2QG2vb6TnTpog=','2023-10-07 18:07:16.067651',0,'Tom','','',1,1,'2023-10-06 19:29:16','');
INSERT INTO auth_user VALUES(5,'pbkdf2_sha256$260000$GzCC0NvWyUqyOamr5fztgh$P3Q2rjun0Yw1Ox/R+uTYxDfubMehYdBp7/FCgMWqank=','2023-10-06 19:38:52.984358',0,'Tim','','',1,1,'2023-10-06 19:29:43','');
INSERT INTO auth_user VALUES(6,'pbkdf2_sha256$260000$nvk2UrhPpKxYj66SEPxqrb$vMXxwKKDTf/bSYTVTY01vRjSnMTHZn5ZAVQfm67IV50=','2023-10-07 18:04:01.422721',0,'Sara','','',1,1,'2023-10-06 19:32:49','');
CREATE TABLE IF NOT EXISTS "projects_project" ("id" integer NOT NULL PRIMARY KEY AUTOINCREMENT, "name" varchar(200) NOT NULL, "description" text NOT NULL, "create" datetime NOT NULL, "update" datetime NOT NULL, "user_id" integer NOT NULL REFERENCES "auth_user" ("id") DEFERRABLE INITIALLY DEFERRED);
INSERT INTO projects_project VALUES(39,'Test 1','Test 1','2023-10-06 19:34:13.335486','2023-10-06 19:34:13.335486',4);
INSERT INTO projects_project VALUES(40,'Test 2','Test 2','2023-10-06 19:34:31.102336','2023-10-06 19:34:31.102336',4);
INSERT INTO projects_project VALUES(41,'Test 3','Test 3','2023-10-06 19:35:10.581225','2023-10-06 19:35:10.581225',4);
INSERT INTO projects_project VALUES(42,'Test 4','Test 4','2023-10-06 19:36:25.855205','2023-10-06 19:36:25.855205',6);
INSERT INTO projects_project VALUES(43,'Test 5','Test 5','2023-10-06 19:37:42.750236','2023-10-06 19:37:42.750236',6);
INSERT INTO projects_project VALUES(44,'Test 6','Test 6','2023-10-06 19:39:10.527004','2023-10-06 19:39:10.527004',5);
INSERT INTO projects_project VALUES(45,'Test 7','Test 7','2023-10-06 19:39:27.993003','2023-10-06 19:39:27.993003',5);
CREATE TABLE IF NOT EXISTS "projects_projektwatch" ("id" integer NOT NULL PRIMARY KEY AUTOINCREMENT, "user_id" integer NOT NULL REFERENCES "auth_user" ("id") DEFERRABLE INITIALLY DEFERRED);
INSERT INTO projects_projektwatch VALUES(3,4);
INSERT INTO projects_projektwatch VALUES(4,6);
INSERT INTO projects_projektwatch VALUES(5,3);
CREATE TABLE IF NOT EXISTS "projects_projektwatch_watch_list_projects" ("id" integer NOT NULL PRIMARY KEY AUTOINCREMENT, "projektwatch_id" bigint NOT NULL REFERENCES "projects_projektwatch" ("id") DEFERRABLE INITIALLY DEFERRED, "project_id" bigint NOT NULL REFERENCES "projects_project" ("id") DEFERRABLE INITIALLY DEFERRED);
INSERT INTO projects_projektwatch_watch_list_projects VALUES(9,4,40);
INSERT INTO projects_projektwatch_watch_list_projects VALUES(10,5,42);
CREATE TABLE IF NOT EXISTS "projects_comment" ("id" integer NOT NULL PRIMARY KEY AUTOINCREMENT, "text" varchar(200) NOT NULL, "date" datetime NOT NULL, "project_id" bigint NULL REFERENCES "projects_project" ("id") DEFERRABLE INITIALLY DEFERRED, "user_id" integer NOT NULL REFERENCES "auth_user" ("id") DEFERRABLE INITIALLY DEFERRED);
INSERT INTO projects_comment VALUES(9,'Super','2023-10-06 19:37:13.509973',39,6);
INSERT INTO projects_comment VALUES(10,replace('Perfekt\n','\n',char(10)),'2023-10-06 19:37:21.370905',42,6);
INSERT INTO projects_comment VALUES(11,'Danke','2023-10-06 20:39:12.896519',45,5);
INSERT INTO projects_comment VALUES(12,'Sieht gute aus!! ','2023-10-06 20:39:32.304680',41,5);
INSERT INTO projects_comment VALUES(13,'Perfekt ','2023-10-06 20:40:06.938135',40,5);
CREATE TABLE IF NOT EXISTS "documents_tags" ("id" integer NOT NULL PRIMARY KEY AUTOINCREMENT, "name" varchar(200) NOT NULL, "user_id" integer NOT NULL REFERENCES "auth_user" ("id") DEFERRABLE INITIALLY DEFERRED);
INSERT INTO documents_tags VALUES(3,'Rechnung',3);
INSERT INTO documents_tags VALUES(4,'Bilder',3);
INSERT INTO documents_tags VALUES(5,'Andere Datei',3);
CREATE TABLE IF NOT EXISTS "documents_documentwatch" ("id" integer NOT NULL PRIMARY KEY AUTOINCREMENT, "user_id" integer NOT NULL REFERENCES "auth_user" ("id") DEFERRABLE INITIALLY DEFERRED);
INSERT INTO documents_documentwatch VALUES(3,3);
INSERT INTO documents_documentwatch VALUES(5,6);
CREATE TABLE IF NOT EXISTS "documents_documentwatch_watch_list_documents" ("id" integer NOT NULL PRIMARY KEY AUTOINCREMENT, "documentwatch_id" bigint NOT NULL REFERENCES "documents_documentwatch" ("id") DEFERRABLE INITIALLY DEFERRED, "documents_id" bigint NOT NULL REFERENCES "documents_documents" ("id") DEFERRABLE INITIALLY DEFERRED);
INSERT INTO documents_documentwatch_watch_list_documents VALUES(10,5,20);
CREATE TABLE IF NOT EXISTS "django_session" ("session_key" varchar(40) NOT NULL PRIMARY KEY, "session_data" text NOT NULL, "expire_date" datetime NOT NULL);
INSERT INTO django_session VALUES('hsoygr894fmqrw2r7grk37qi0gze7jq9','.eJxVjMsKwyAQAP_Fc5FVxEePvfcbZF3XxrZoiQm0lP57CeSS68wwXxEHj1F7i_x-1fkjznASEddliuvgOdYszkKLA0tID26byHdsty6pt2WuSW6J3O2Q1575ednbw2DCMW1bS9kG44xHRwm8UpqzTyYAQClkQyJLzisEDsW7oK0uyqNNDoxTGMTvD_2HPpE:1qoI64:Xq4mrMqS3piE-_khDafAsE7GBTROOISw9vFefu0TDx4','2023-10-19 06:44:32.102788');
INSERT INTO django_session VALUES('v48e4ruk4s7j1b825o8vaxc84fsng5kg','.eJxVjMEOgjAQRP9lz6YpbKHUo3e_odkui1RNaygkGuO_CwkXLnOY92a-4IuUEnPy8n7F6QNnfQJPyzz6pcjkYw9nqODQBeKHpA30d0q3rDineYpBbYraaVHX3MvzsruHg5HKuK7ZVRadNcgO0eqhdppETNPptgprdNSSJmS0TiwP2kgwrWnY2HqgukP4_QHfwD4m:1qoRh1:hQ_OIy-QMQAOlzq-FQt3foIfQJxnpfRCuZrtkKJTG_w','2023-10-19 16:59:19.214253');
INSERT INTO django_session VALUES('6u5vd1iz6xsuu10k58tfj34b37bqlcr7','.eJxVjMsKwyAQAP_Fc5FVxEePvfcbZF3XxrZoiQm0lP57CeSS68wwXxEHj1F7i_x-1fkjznASEddliuvgOdYszkKLA0tID26byHdsty6pt2WuSW6J3O2Q1575ednbw2DCMW1bS9kG44xHRwm8UpqzTyYAQClkQyJLzisEDsW7oK0uyqNNDoxTGMTvD_2HPpE:1qoTJ3:z9gdKUrUa_K7pasHFfbN8NI37Ldzw45drR2O_PABazE','2023-10-19 18:42:41.557760');
INSERT INTO django_session VALUES('fx20xre3jxyuwrtoyidq6wwy7iknh7xo','.eJxVjMsKwyAQAP_Fc5FVxEePvfcbZF3XxrZoiQm0lP57CeSS68wwXxEHj1F7i_x-1fkjznASEddliuvgOdYszkKLA0tID26byHdsty6pt2WuSW6J3O2Q1575ednbw2DCMW1bS9kG44xHRwm8UpqzTyYAQClkQyJLzisEDsW7oK0uyqNNDoxTGMTvD_2HPpE:1qogqj:5DXw4a_7fzRi80rWH_kGGI-39p55ouNXVOs0Mv5Q--I','2023-10-20 11:10:21.091768');
INSERT INTO django_session VALUES('x3h5f4txhr2vyywpgt1pgno7wifvg1vf','.eJxVjM0OgjAQhN9lz6aBui0sR-8-Q9OfrVRNSygkGuO7KwkXjjPfN_MBU7nWVLLh15TmNwzNCYxdl9GslWeTAgyg4NA56x-cNxDuNt-K8CUvc3JiU8ROq7iWwM_L7h4ORlvH_5ojomwarWToekTH5KKVzllkryQrRNLk2W-RO2qRiVole43-jCoSfH8TGz79:1qoomq:6MrQ9Vj16vLQZ5v7pfOteabLngj7p6EBB3KZ9I6MpSw','2023-10-20 19:38:52.996369');
INSERT INTO django_session VALUES('ea7ftbirgznwo8s666qanyf37tbk0p65','.eJxVjE0OwiAYRO_C2pBCgRaX7j0D-f6UqqFJaVfGu0uTLnSWM-_NWyXY1py2KkuaWJ1Vr06_HQI9pewDP6DcZ01zWZcJ9Y7oY636OrO8Lgf7d5Ch5mYP4oAs9sLBQjQcI_ngAJ1tkdGAeDBIIl1khJuXbhwIBQI2yYpRny8E0TkI:1qoswR:w5ZvrW5JXUlsy27z-8jwUbCnhwP1WZ60FYtvU6VYKQQ','2023-10-21 00:05:03.896544');
INSERT INTO django_session VALUES('2bgem3oy36zabuhpzrwzm06a4lnfubdb','.eJxVjMsOwiAURP-FtSGFPunSvd9A7oXRogYMtInG-O-2STed5cw58xW2oJSQosX7FfJHjNVJWFrmyS4F2QYvRlGLQ8fkHojb4O8Ub0m6FOccWG6I3NciL8njed7Zw8FEZVrtHg05zTV8p8kob4xru4a40WswKEJLih1QGc90bVENvWNQx6ukocTvDy2tQEU:1qosyD:Q1F6YPghvcOsK_mTj8XvdseaJI7vh0wkZsiHbou6rvU','2023-10-21 00:06:53.254470');
INSERT INTO django_session VALUES('bt411ehuh1e1ix5jf0pcobl00q7w9ur3','.eJxVjMsOwiAURP-FtSGFPunSvd9A7oXRogYMtInG-O-2STed5cw58xW2oJSQosX7FfJHjNVJWFrmyS4F2QYvRlGLQ8fkHojb4O8Ub0m6FOccWG6I3NciL8njed7Zw8FEZVrtHg05zTV8p8kob4xru4a40WswKEJLih1QGc90bVENvWNQx6ukocTvDy2tQEU:1qot0j:GzfblS9SrhLETZV6Em6UPqSgWhAq-58y1H0VC88B-Hk','2023-10-21 00:09:29.506690');
INSERT INTO django_session VALUES('b432aoyqwudqj0y0xcv991ow4zcuyxy9','.eJxVjEEOwiAQRe8ya0MopdB26d4zkBkYLGrAlDbRGO-uTbrp9r_3_gdc5VpTyY5fzzS_YZQncLguk1srzy4FGEHDYSP0d84bCDfM1yJ8ycucSGyK2GkVlxL4cd7dw8GEdfrXhNb4QHFA6zvrFZNVeugpqC6q2EhtJEWNba8aI1ujsR8Yib3G0JEyDN8fKzA_yQ:1qotOo:_pYaU7TOxBAepqut7mNVvegvT2lOTnNUiv77mQjWMSg','2023-10-21 00:34:22.951064');
INSERT INTO django_session VALUES('monhpp6b1ujn826nodjft9spcxqeq1bf','.eJxVjEEOgjAQRe8ya9MwJdDC0r1naKadQaqmNRQSjPHuQsKG7Xvv_y-4IqXEnJys7zh9oK8u4GiZR7cUmVxk6MHAiXkKT0m74Aele1Yhp3mKXu2JOmxRt8zyuh7t6WCkMm5rtNpWgoiBpUMxgzRagsXWCGGHg9UdDdS0DWttNlpzZYVbqr2tvScPvz8Fmz9C:1qozYa:NbFokt5rCjnBU3p_rb2LSRooorHxEFQrvKSNvX_utnc','2023-10-21 07:08:52.573308');
INSERT INTO django_session VALUES('6r4ybuiddra38e6wotp1lfihx6l001mv','.eJxVjMsOwiAURP-FtSGFPunSvd9A7oXRogYMtInG-O-2STed5cw58xW2oJSQosX7FfJHjNVJWFrmyS4F2QYvRlGLQ8fkHojb4O8Ub0m6FOccWG6I3NciL8njed7Zw8FEZVrtHg05zTV8p8kob4xru4a40WswKEJLih1QGc90bVENvWNQx6ukocTvDy2tQEU:1qpA0h:EziqeGd5T4bR0w-iNYSUvMh1lgZqbRdE-nYRQXyDd_k','2023-10-21 18:18:35.463620');
INSERT INTO django_session VALUES('21dhp76ddoeycwl0o4jl6hk4rhugnsng','.eJxVjDsOwyAQRO9CHSF-9kLK9D4DYhcITiKQjF1FuXtsyUXSTDHvzbyZD9ta_NbT4ufIrsyxy2-HgZ6pHiA-Qr03Tq2uy4z8UPhJO59aTK_b6f4dlNDLvsYMlkw2JLORFkEGl4xTIIXCOA4ONWkEq7J1w56QBVkwpGm0JAIi-3wB5Z837A:1qrXf6:qJRdCbRG4xuOlgo0wscDxf20kpl84yf8Z80Qm1qIJAk','2023-10-28 07:58:08.453677');
INSERT INTO django_session VALUES('vj7pggbc0hzrjx6g6s660apa4n9e2ljp','.eJxVjDsOwjAQRO_iGln-J1DScwZr17shBmSjOJFAiLtDpDRpppj3Zj4iNm4t1xL59czTW5zUQURY5jEujaeYSZyEFbsOId25rIBuUK5VplrmKaNcFbnRJi-V-HHe3N3BCG38r5OBFNAH1QUOpOnoUdPQO61gML1LYA14h2jBe2e6Pqypre0MK0MKxfcHCHw-ZQ:1qzKlB:ZNgRSmjMTMuAusVmuuq20Q65fZ2Hc_S4-92Uo-ETLgs','2023-11-18 18:48:37.856034');
INSERT INTO django_session VALUES('gdojezuw2b41look57g1xzbbk9rd2bq8','.eJxVjDsOwjAQRO_iGln-J1DScwZr17shBmSjOJFAiLtDpDRpppj3Zj4iNm4t1xL59czTW5zUQURY5jEujaeYSZyEFbsOId25rIBuUK5VplrmKaNcFbnRJi-V-HHe3N3BCG38r5OBFNAH1QUOpOnoUdPQO61gML1LYA14h2jBe2e6Pqypre0MK0MKxfcHCHw-ZQ:1qzfqd:WM60yLkHXNl2zNlw398X52sKCRhvCbNnfhEU-gkcJgY','2023-11-19 17:19:39.855819');
CREATE TABLE IF NOT EXISTS "webseite_userprofile" ("id" integer NOT NULL PRIMARY KEY AUTOINCREMENT, "user_id" integer NOT NULL UNIQUE REFERENCES "auth_user" ("id") DEFERRABLE INITIALLY DEFERRED);
INSERT INTO webseite_userprofile VALUES(3,3);
INSERT INTO webseite_userprofile VALUES(4,4);
INSERT INTO webseite_userprofile VALUES(5,5);
INSERT INTO webseite_userprofile VALUES(6,6);
CREATE TABLE IF NOT EXISTS "webseite_userprofile_projects" ("id" integer NOT NULL PRIMARY KEY AUTOINCREMENT, "userprofile_id" bigint NOT NULL REFERENCES "webseite_userprofile" ("id") DEFERRABLE INITIALLY DEFERRED, "project_id" bigint NOT NULL REFERENCES "projects_project" ("id") DEFERRABLE INITIALLY DEFERRED);
INSERT INTO webseite_userprofile_projects VALUES(94,5,39);
INSERT INTO webseite_userprofile_projects VALUES(95,6,40);
INSERT INTO webseite_userprofile_projects VALUES(96,3,41);
INSERT INTO webseite_userprofile_projects VALUES(98,5,42);
INSERT INTO webseite_userprofile_projects VALUES(99,4,43);
INSERT INTO webseite_userprofile_projects VALUES(100,4,44);
INSERT INTO webseite_userprofile_projects VALUES(103,4,45);
INSERT INTO webseite_userprofile_projects VALUES(104,6,45);
CREATE TABLE IF NOT EXISTS "documents_documents" ("id" integer NOT NULL PRIMARY KEY AUTOINCREMENT, "name" varchar(200) NOT NULL, "create" datetime NOT NULL, "document" varchar(100) NULL, "project_id" bigint NULL REFERENCES "projects_project" ("id") DEFERRABLE INITIALLY DEFERRED, "tags_id" bigint NULL REFERENCES "documents_tags" ("id") DEFERRABLE INITIALLY DEFERRED, "user_id" integer NOT NULL REFERENCES "auth_user" ("id") DEFERRABLE INITIALLY DEFERRED);
INSERT INTO documents_documents VALUES(15,'mojave_dynamic_15.jpeg','2023-10-06 19:34:15.879333','document/mojave_dynamic_15_7oBsk7Q.jpeg',39,4,4);
INSERT INTO documents_documents VALUES(16,'Rechnung 1.pdf','2023-10-06 19:34:50','document/Rechnung_1_8lLUHJ2.pdf',40,3,4);
INSERT INTO documents_documents VALUES(17,'192px-Fenerbahce_Spor_Kulubu_1910-1923.svg.png','2023-10-06 19:35:34.093859','document/192px-Fenerbahce_Spor_Kulubu_1910-1923.svg.png',41,4,4);
INSERT INTO documents_documents VALUES(18,'Sasuke-Sharingan-PNG-Photo-Image.png','2023-10-06 19:36:31.775905','document/Sasuke-Sharingan-PNG-Photo-Image.png',42,4,6);
INSERT INTO documents_documents VALUES(19,'UseCaseDiagram1.jpg','2023-10-06 19:37:54.442013','document/UseCaseDiagram1.jpg',43,4,6);
INSERT INTO documents_documents VALUES(20,'Gliederungen.docx','2023-10-06 19:39:14.294295','document/Gliederungen.docx',44,5,5);
INSERT INTO documents_documents VALUES(21,'Rechnung 2','2023-10-06 19:40:24','document/1.PNG',45,3,4);
INSERT INTO documents_documents VALUES(23,'hhh','2023-11-05 21:32:43.849465','document/SS23.pdf',NULL,5,3);
DELETE FROM sqlite_sequence;
INSERT INTO sqlite_sequence VALUES('django_migrations',23);
INSERT INTO sqlite_sequence VALUES('django_admin_log',34);
INSERT INTO sqlite_sequence VALUES('django_content_type',13);
INSERT INTO sqlite_sequence VALUES('auth_permission',52);
INSERT INTO sqlite_sequence VALUES('auth_group',0);
INSERT INTO sqlite_sequence VALUES('auth_user',9);
INSERT INTO sqlite_sequence VALUES('webseite_userprofile',9);
INSERT INTO sqlite_sequence VALUES('projects_project',45);
INSERT INTO sqlite_sequence VALUES('webseite_userprofile_projects',104);
INSERT INTO sqlite_sequence VALUES('projects_projektwatch',5);
INSERT INTO sqlite_sequence VALUES('projects_projektwatch_watch_list_projects',10);
INSERT INTO sqlite_sequence VALUES('documents_documentwatch',6);
INSERT INTO sqlite_sequence VALUES('documents_documentwatch_watch_list_documents',12);
INSERT INTO sqlite_sequence VALUES('documents_documents',23);
INSERT INTO sqlite_sequence VALUES('documents_tags',5);
INSERT INTO sqlite_sequence VALUES('projects_comment',13);
CREATE UNIQUE INDEX "auth_group_permissions_group_id_permission_id_0cd325b0_uniq" ON "auth_group_permissions" ("group_id", "permission_id");
CREATE INDEX "auth_group_permissions_group_id_b120cbf9" ON "auth_group_permissions" ("group_id");
CREATE INDEX "auth_group_permissions_permission_id_84c5c92e" ON "auth_group_permissions" ("permission_id");
CREATE UNIQUE INDEX "auth_user_groups_user_id_group_id_94350c0c_uniq" ON "auth_user_groups" ("user_id", "group_id");
CREATE INDEX "auth_user_groups_user_id_6a12ed8b" ON "auth_user_groups" ("user_id");
CREATE INDEX "auth_user_groups_group_id_97559544" ON "auth_user_groups" ("group_id");
CREATE UNIQUE INDEX "auth_user_user_permissions_user_id_permission_id_14a6b632_uniq" ON "auth_user_user_permissions" ("user_id", "permission_id");
CREATE INDEX "auth_user_user_permissions_user_id_a95ead1b" ON "auth_user_user_permissions" ("user_id");
CREATE INDEX "auth_user_user_permissions_permission_id_1fbb5f2c" ON "auth_user_user_permissions" ("permission_id");
CREATE INDEX "django_admin_log_content_type_id_c4bce8eb" ON "django_admin_log" ("content_type_id");
CREATE INDEX "django_admin_log_user_id_c564eba6" ON "django_admin_log" ("user_id");
CREATE UNIQUE INDEX "django_content_type_app_label_model_76bd3d3b_uniq" ON "django_content_type" ("app_label", "model");
CREATE UNIQUE INDEX "auth_permission_content_type_id_codename_01ab375a_uniq" ON "auth_permission" ("content_type_id", "codename");
CREATE INDEX "auth_permission_content_type_id_2f476e4b" ON "auth_permission" ("content_type_id");
CREATE INDEX "projects_project_user_id_719f19dd" ON "projects_project" ("user_id");
CREATE INDEX "projects_projektwatch_user_id_53f2598f" ON "projects_projektwatch" ("user_id");
CREATE UNIQUE INDEX "projects_projektwatch_watch_list_projects_projektwatch_id_project_id_d71ff2ca_uniq" ON "projects_projektwatch_watch_list_projects" ("projektwatch_id", "project_id");
CREATE INDEX "projects_projektwatch_watch_list_projects_projektwatch_id_7a9b8200" ON "projects_projektwatch_watch_list_projects" ("projektwatch_id");
CREATE INDEX "projects_projektwatch_watch_list_projects_project_id_f2386c68" ON "projects_projektwatch_watch_list_projects" ("project_id");
CREATE INDEX "projects_comment_project_id_220d4b34" ON "projects_comment" ("project_id");
CREATE INDEX "projects_comment_user_id_b974446a" ON "projects_comment" ("user_id");
CREATE INDEX "documents_tags_user_id_913c0194" ON "documents_tags" ("user_id");
CREATE INDEX "documents_documentwatch_user_id_ddf17f33" ON "documents_documentwatch" ("user_id");
CREATE UNIQUE INDEX "documents_documentwatch_watch_list_documents_documentwatch_id_documents_id_def5a1fc_uniq" ON "documents_documentwatch_watch_list_documents" ("documentwatch_id", "documents_id");
CREATE INDEX "documents_documentwatch_watch_list_documents_documentwatch_id_29b73841" ON "documents_documentwatch_watch_list_documents" ("documentwatch_id");
CREATE INDEX "documents_documentwatch_watch_list_documents_documents_id_16600cc5" ON "documents_documentwatch_watch_list_documents" ("documents_id");
CREATE INDEX "django_session_expire_date_a5c62663" ON "django_session" ("expire_date");
CREATE UNIQUE INDEX "webseite_userprofile_projects_userprofile_id_project_id_65fed505_uniq" ON "webseite_userprofile_projects" ("userprofile_id", "project_id");
CREATE INDEX "webseite_userprofile_projects_userprofile_id_fe9c11d3" ON "webseite_userprofile_projects" ("userprofile_id");
CREATE INDEX "webseite_userprofile_projects_project_id_a5ebce76" ON "webseite_userprofile_projects" ("project_id");
CREATE INDEX "documents_documents_project_id_f0ba6aeb" ON "documents_documents" ("project_id");
CREATE INDEX "documents_documents_tags_id_9cd83557" ON "documents_documents" ("tags_id");
CREATE INDEX "documents_documents_user_id_2ecafa81" ON "documents_documents" ("user_id");
COMMIT;
